_id,author,content,date_posted,id,title
60dde9b74a23d120d3aa562a,IKMalik,Text here please,null,2,Bloggy
60dded317bc74429adfc6bcd,woody,sdfsfdsfas,2021-07-01T16:28:33.652Z,3,Bloggy3
60ddeeaeac22a92ef2273254,IKMalik,sdfsdgfgfdga4rg,2021-07-01T16:34:53.999Z,4,sdfsdf
60ddef16db875b216353e7e8,sfdf,q3ewfadsf,2021-07-01T16:36:38.413Z,5,dsgfsfgadfg
60ddef1f4ef7746b94b795bb,sfdf,q3ewfadsf,2021-07-01T16:36:47.849Z,6,dsgfsfgadfg
60ddf0feff9ac4b253b86b3a,sdfg,rfdgdafgfdag,2021-07-01T16:44:46.887Z,7,fsdgadfg
60ddf2fdb7311b27690b43d7,sdfg,rfdgdafgfdag,2021-07-01T16:53:17.826Z,8,fsdgadfg
60ddf307b7311b27690b43d8,sdfg,rfdgdafgfdag,2021-07-01T16:53:27.186Z,9,fsdgadfg
60ddff2f53a673f9454a960d,MyGuy,stuff,2021-07-01T17:45:19.616Z,11,this is my guys title
60ddff3053a673f9454a960e,MyGuy,stuff,2021-07-01T17:45:19.820Z,12,this is my guys title
60ddff5c53a673f9454a960f,sdfg,th,2021-07-01T17:46:04.059Z,13,te